{
  "currency_pairs": {
    "BTC/GLOBALUSD": {
      "price_scale": 12
    },
    "BTC/BITBOXUSD": {
      "price_scale": 12
    },
    "BTC/MTGOXAUD": {
      "price_scale": 12
    },
    "BTC/BITCUREXPLN": {
      "price_scale": 12
    },
    "BTC/KRAKENLTC": {
      "price_scale": 12
    },
    "BTC/BITMARKETPLPLN": {
      "price_scale": 12
    },
    "BTC/BTC24EUR": {
      "price_scale": 12
    },
    "BTC/RIPPLEUSD": {
      "price_scale": 12
    },
    "BTC/FBTCUSD": {
      "price_scale": 12
    },
    "BTC/CRYTRUSD": {
      "price_scale": 12
    },
    "BTC/LOCALBTCINR": {
      "price_scale": 12
    },
    "BTC/BITBAYPLN": {
      "price_scale": 12
    },
    "BTC/BTCMARKETSAUD": {
      "price_scale": 12
    },
    "BTC/LOCALBTCTHB": {
      "price_scale": 12
    },
    "BTC/LOCALBTCAUD": {
      "price_scale": 12
    },
    "BTC/BTCTREEUSD": {
      "price_scale": 12
    },
    "BTC/KPTNSEK": {
      "price_scale": 12
    },
    "BTC/RUXUMZAR": {
      "price_scale": 12
    },
    "BTC/THUSD": {
      "price_scale": 12
    },
    "BTC/RUXUMGBP": {
      "price_scale": 12
    },
    "BTC/BTC24USD": {
      "price_scale": 12
    },
    "BTC/ITBITSGD": {
      "price_scale": 12
    },
    "BTC/EXMORUB": {
      "price_scale": 12
    },
    "BTC/IBWTGBP": {
      "price_scale": 12
    },
    "BTC/MTGOXDKK": {
      "price_scale": 12
    },
    "BTC/MTGOXNZD": {
      "price_scale": 12
    },
    "BTC/IMCEXUSD": {
      "price_scale": 12
    },
    "BTC/RUXUMSEK": {
      "price_scale": 12
    },
    "BTC/LOCALBTCPLN": {
      "price_scale": 12
    },
    "BTC/BITMARKETEUR": {
      "price_scale": 12
    },
    "BTC/KRAKENUSD": {
      "price_scale": 12
    },
    "BTC/COINCHECKJPY": {
      "price_scale": 12
    },
    "BTC/BITKONANUSD": {
      "price_scale": 12
    },
    "BTC/KRAKENXRP": {
      "price_scale": 12
    },
    "BTC/EXMOEUR": {
      "price_scale": 12
    },
    "BTC/BITCHANGEPLN": {
      "price_scale": 12
    },
    "BTC/ANXHKGBP": {
      "price_scale": 12
    },
    "BTC/INTRSNGPLN": {
      "price_scale": 12
    },
    "BTC/COINBASEEUR": {
      "price_scale": 12
    },
    "BTC/KORBITKRW": {
      "price_scale": 12
    },
    "BTC/VCXUSD": {
      "price_scale": 12
    },
    "BTC/RIPPLEEUR": {
      "price_scale": 12
    },
    "BTC/INTRSNGUSD": {
      "price_scale": 12
    },
    "BTC/LOCALBTCZAR": {
      "price_scale": 12
    },
    "BTC/RUXUMHKD": {
      "price_scale": 12
    },
    "BTC/FBTCEUR": {
      "price_scale": 12
    },
    "BTC/BITCASHCZK": {
      "price_scale": 12
    },
    "BTC/BITBAYUSD": {
      "price_scale": 12
    },
    "BTC/CBXUSD": {
      "price_scale": 12
    },
    "BTC/RUXUMAUD": {
      "price_scale": 12
    },
    "BTC/RUXUMEUR": {
      "price_scale": 12
    },
    "BTC/LOCALBTCNZD": {
      "price_scale": 12
    },
    "BTC/LOCALBTCDKK": {
      "price_scale": 12
    },
    "BTC/BITXZAR": {
      "price_scale": 12
    },
    "BTC/1COINUSD": {
      "price_scale": 12
    },
    "BTC/COINFLOORGBP": {
      "price_scale": 12
    },
    "BTC/SNWCNXRP": {
      "price_scale": 12
    },
    "BTC/LOCALBTCCHF": {
      "price_scale": 12
    },
    "BTC/WBXAUD": {
      "price_scale": 12
    },
    "BTC/IBWTLTC": {
      "price_scale": 12
    },
    "BTC/BTC2UBRL": {
      "price_scale": 12
    },
    "BTC/BITALOUSD": {
      "price_scale": 12
    },
    "BTC/MTGOXCAD": {
      "price_scale": 12
    },
    "BTC/FYBSGSGD": {
      "price_scale": 12
    },
    "BTC/HITBTCUSD": {
      "price_scale": 12
    },
    "BTC/BTCEEUR": {
      "price_scale": 12
    },
    "BTC/RIPPLEXRP": {
      "price_scale": 12
    },
    "BTC/LYBITCAD": {
      "price_scale": 12
    },
    "BTC/ANXHKCHF": {
      "price_scale": 12
    },
    "BTC/BCMBMGAU": {
      "price_scale": 12
    },
    "BTC/MRCDBRL": {
      "price_scale": 12
    },
    "BTC/BTCEXEUR": {
      "price_scale": 12
    },
    "BTC/B7USD": {
      "price_scale": 12
    },
    "BTC/LOCALBTCMXN": {
      "price_scale": 12
    },
    "BTC/IBWTEUR": {
      "price_scale": 12
    },
    "BTC/AQOINEUR": {
      "price_scale": 12
    },
    "BTC/COINBASEGBP": {
      "price_scale": 12
    },
    "BTC/MTGOXRUB": {
      "price_scale": 12
    },
    "BTC/BCMPPUSD": {
      "price_scale": 12
    },
    "BTC/BCMLRUSD": {
      "price_scale": 12
    },
    "BTC/THEUR": {
      "price_scale": 12
    },
    "BTC/BTCDEEUR": {
      "price_scale": 12
    },
    "BTC/ANXHKCAD": {
      "price_scale": 12
    },
    "BTC/GLOBALEUR": {
      "price_scale": 12
    },
    "BTC/BTCEXUSD": {
      "price_scale": 12
    },
    "BTC/MTGOXSEK": {
      "price_scale": 12
    },
    "BTC/BTCEXJPY": {
      "price_scale": 12
    },
    "BTC/LOCALBTCNOK": {
      "price_scale": 12
    },
    "BTC/MTGOXTHB": {
      "price_scale": 12
    },
    "BTC/BITBAYEUR": {
      "price_scale": 12
    },
    "BTC/CRYPTOXUSD": {
      "price_scale": 12
    },
    "BTC/RUXUMUSD": {
      "price_scale": 12
    },
    "BTC/LOCALBTCUSD": {
      "price_scale": 12
    },
    "BTC/MTGOXHKD": {
      "price_scale": 12
    },
    "BTC/BIT2CILS": {
      "price_scale": 12
    },
    "BTC/BTCEUSD": {
      "price_scale": 12
    },
    "BTC/RUXUMSGD": {
      "price_scale": 12
    },
    "BTC/MTGOXSGD": {
      "price_scale": 12
    },
    "BTC/WEEXUSD": {
      "price_scale": 12
    },
    "BTC/JUSTUSD": {
      "price_scale": 12
    },
    "BTC/ZYADOEUR": {
      "price_scale": 12
    },
    "BTC/IBWTUSD": {
      "price_scale": 12
    },
    "BTC/MTGOXJPY": {
      "price_scale": 12
    },
    "BTC/RUXUMRUB": {
      "price_scale": 12
    },
    "BTC/KRAKENEUR": {
      "price_scale": 12
    },
    "BTC/BTCNCNY": {
      "price_scale": 12
    },
    "BTC/BCEUR": {
      "price_scale": 12
    },
    "BTC/JUSTXRP": {
      "price_scale": 12
    },
    "BTC/BIT121GBP": {
      "price_scale": 12
    },
    "BTC/BTCXCHANGERON": {
      "price_scale": 12
    },
    "BTC/BITSTAMPUSD": {
      "price_scale": 12
    },
    "BTC/BTCERUR": {
      "price_scale": 12
    },
    "BTC/B2CUSD": {
      "price_scale": 12
    },
    "BTC/BBMBRL": {
      "price_scale": 12
    },
    "BTC/RUXUMCHF": {
      "price_scale": 12
    },
    "BTC/LOCALBTCARS": {
      "price_scale": 12
    },
    "BTC/BCMMBUSD": {
      "price_scale": 12
    },
    "BTC/THCLP": {
      "price_scale": 12
    },
    "BTC/BTCOIDIDR": {
      "price_scale": 12
    },
    "BTC/BITCUREXEUR": {
      "price_scale": 12
    },
    "BTC/BIDXTRMPLN": {
      "price_scale": 12
    },
    "BTC/ANXHKCNY": {
      "price_scale": 12
    },
    "BTC/MTGOXUSD": {
      "price_scale": 12
    },
    "BTC/LOCALBTCHKD": {
      "price_scale": 12
    },
    "BTC/RUXUMUAH": {
      "price_scale": 12
    },
    "BTC/BTCHKEXHKD": {
      "price_scale": 12
    },
    "BTC/BITMARKETGBP": {
      "price_scale": 12
    },
    "BTC/BITMARKETUSD": {
      "price_scale": 12
    },
    "BTC/GLOBALGBP": {
      "price_scale": 12
    },
    "BTC/MTGOXPLN": {
      "price_scale": 12
    },
    "BTC/EXCHBUSD": {
      "price_scale": 12
    },
    "BTC/LOCALBTCEUR": {
      "price_scale": 12
    },
    "BTC/BTCEXWMR": {
      "price_scale": 12
    },
    "BTC/JUSTEUR": {
      "price_scale": 12
    },
    "BTC/BITMEUSD": {
      "price_scale": 12
    },
    "BTC/ANXHKJPY": {
      "price_scale": 12
    },
    "BTC/RMBTBCNY": {
      "price_scale": 12
    },
    "BTC/BITSTOCKCZK": {
      "price_scale": 12
    },
    "BTC/LOCALBTCILS": {
      "price_scale": 12
    },
    "BTC/BTCEUREUR": {
      "price_scale": 12
    },
    "BTC/BITMARKETAUD": {
      "price_scale": 12
    },
    "BTC/HITBTCEUR": {
      "price_scale": 12
    },
    "BTC/BCMBMUSD": {
      "price_scale": 12
    },
    "BTC/VIRTEXCAD": {
      "price_scale": 12
    },
    "BTC/EXMOUSD": {
      "price_scale": 12
    },
    "BTC/BTCEXYAD": {
      "price_scale": 12
    },
    "BTC/BITCUREXUSD": {
      "price_scale": 12
    },
    "BTC/WEEXCAD": {
      "price_scale": 12
    },
    "BTC/LOCALBTCBRL": {
      "price_scale": 12
    },
    "BTC/BITMELTC": {
      "price_scale": 12
    },
    "BTC/VCXEUR": {
      "price_scale": 12
    },
    "BTC/BITMARKETPLN": {
      "price_scale": 12
    },
    "BTC/INTRSNGEUR": {
      "price_scale": 12
    },
    "BTC/BCMPXGAU": {
      "price_scale": 12
    },
    "BTC/ROCKEUR": {
      "price_scale": 12
    },
    "BTC/COINBASEUSD": {
      "price_scale": 12
    },
    "BTC/KRAKENKRW": {
      "price_scale": 12
    },
    "BTC/LOCALBTCCAD": {
      "price_scale": 12
    },
    "BTC/JUSTLTC": {
      "price_scale": 12
    },
    "BTC/RUXUMHUF": {
      "price_scale": 12
    },
    "BTC/CRYPTOXAUD": {
      "price_scale": 12
    },
    "BTC/ANXHKHKD": {
      "price_scale": 12
    },
    "BTC/ANXHKNZD": {
      "price_scale": 12
    },
    "BTC/INTRSNGGBP": {
      "price_scale": 12
    },
    "BTC/BITNZNZD": {
      "price_scale": 12
    },
    "BTC/ROCKUSD": {
      "price_scale": 12
    },
    "BTC/LOCALBTCGBP": {
      "price_scale": 12
    },
    "BTC/MTGOXGBP": {
      "price_scale": 12
    },
    "BTC/BITALOEUR": {
      "price_scale": 12
    },
    "BTC/FRESHPLN": {
      "price_scale": 12
    },
    "BTC/LOCALBTCSGD": {
      "price_scale": 12
    },
    "BTC/ANXHKSGD": {
      "price_scale": 12
    },
    "BTC/LOCALBTCRUB": {
      "price_scale": 12
    },
    "BTC/WEEXAUD": {
      "price_scale": 12
    },
    "BTC/ANXHKUSD": {
      "price_scale": 12
    },
    "BTC/ITBITEUR": {
      "price_scale": 12
    },
    "BTC/FYBSESEK": {
      "price_scale": 12
    },
    "BTC/MTGOXCHF": {
      "price_scale": 12
    },
    "BTC/THAUD": {
      "price_scale": 12
    },
    "BTC/RUXUMTHB": {
      "price_scale": 12
    },
    "BTC/IMCEXEUR": {
      "price_scale": 12
    },
    "BTC/CRYTREUR": {
      "price_scale": 12
    },
    "BTC/COINBASECAD": {
      "price_scale": 12
    },
    "BTC/JUSTNOK": {
      "price_scale": 12
    },
    "BTC/THINR": {
      "price_scale": 12
    },
    "BTC/BITFINEXUSD": {
      "price_scale": 12
    },
    "BTC/GLOBALPLN": {
      "price_scale": 12
    },
    "BTC/BCGBP": {
      "price_scale": 12
    },
    "BTC/VIRWOXSLL": {
      "price_scale": 12
    },
    "BTC/COTRUSD": {
      "price_scale": 12
    },
    "BTC/LOCALBTCSEK": {
      "price_scale": 12
    },
    "BTC/BITFLOORUSD": {
      "price_scale": 12
    },
    "BTC/ITBITUSD": {
      "price_scale": 12
    },
    "BTC/BITALOPLN": {
      "price_scale": 12
    },
    "BTC/BTCEXRUB": {
      "price_scale": 12
    },
    "BTC/OKCOINCNY": {
      "price_scale": 12
    },
    "BTC/ROCKSLL": {
      "price_scale": 12
    },
    "BTC/BTCEXWMZ": {
      "price_scale": 12
    },
    "BTC/BITMARKETRUB": {
      "price_scale": 12
    },
    "BTC/LYBITUSD": {
      "price_scale": 12
    },
    "BTC/MTGOXEUR": {
      "price_scale": 12
    },
    "BTC/ANXHKEUR": {
      "price_scale": 12
    },
    "BTC/LOCALBTCCZK": {
      "price_scale": 12
    },
    "BTC/B7EUR": {
      "price_scale": 12
    },
    "BTC/KRAKENCAD": {
      "price_scale": 12
    },
    "BTC/BITOMATPLN": {
      "price_scale": 12
    },
    "BTC/MTGOXCNY": {
      "price_scale": 12
    },
    "BTC/KRAKENNMC": {
      "price_scale": 12
    },
    "BTC/ANXHKAUD": {
      "price_scale": 12
    },
    "BTC/RUXUMPLN": {
      "price_scale": 12
    },
    "BTC/BRITCOINGBP": {
      "price_scale": 12
    },
    "BTC/RUXUMJPY": {
      "price_scale": 12
    },
    "BTC/BITALOGBP": {
      "price_scale": 12
    },
    "BTC/LAKEUSD": {
      "price_scale": 12
    },
    "BTC/THLRUSD": {
      "price_scale": 12
    }
  },
  "private_rate_limits": [
    {
      "calls": 4,
      "time_span": 0,
      "time_unit": "HOURS"
    }
  ],
  "private_rate_limits": [
    {
      "calls": 4,
      "time_unit": "hours"
    }
  ]
}
