{
  "currency_pairs" : {
    "BIX/BTC" : { },
    "SBTC/BTC" : { },
    "WAX/ETH" : { },
    "SNOV/BTC" : { },
    "EOS/BTC" : { },
    "DTA/ETH" : { },
    "AWR/BTC" : { },
    "JNT/ETH" : { },
    "BCH/BTC" : { },
    "MANA/ETH" : { },
    "BLT/ETH" : { },
    "CAG/ETH" : { },
    "AIDOC/BTC" : { },
    "GTO/BTC" : { },
    "SXUT/BTC" : { },
    "BTC/USDT" : { },
    "TNB/ETH" : { },
    "CPC/BTC" : { },
    "GTC/BTC" : { },
    "SHOW/BTC" : { },
    "TNC/BTC" : { },
    "CPC/ETH" : { },
    "GTC/ETH" : { },
    "AMM/ETH" : { },
    "CMT/BTC" : { },
    "GNX/ETH" : { },
    "MOT/ETH" : { },
    "RDN/BTC" : { },
    "LTC/BTC" : { },
    "LEND/BTC" : { },
    "BTM/BTC" : { },
    "CZR/BTC" : { },
    "ETH/BTC" : { },
    "C20/ETH" : { },
    "ELF/ETH" : { },
    "BTC/DAI" : { },
    "PRA/ETH" : { },
    "BTO/ETH" : { },
    "DTA/BTC" : { },
    "AWR/ETH" : { },
    "JNT/BTC" : { },
    "TNB/BTC" : { },
    "BLT/BTC" : { },
    "BIX/ETH" : { },
    "CAG/BTC" : { },
    "SBTC/ETH" : { },
    "WAX/BTC" : { },
    "SXUT/ETH" : { },
    "SNOV/ETH" : { },
    "EOS/ETH" : { },
    "BCH/ETH" : { },
    "MANA/BTC" : { },
    "ITC/BTC" : { },
    "BIX/USDT" : { },
    "HPB/BTC" : { },
    "AIDOC/ETH" : { },
    "GTO/ETH" : { },
    "MKR/BTC" : { },
    "CAT/BTC" : { },
    "ETH/USDT" : { },
    "ETC/BTC" : { },
    "LTC/USDT" : { },
    "ITC/ETH" : { },
    "HPB/ETH" : { },
    "MKR/ETH" : { },
    "GNX/BTC" : { },
    "CAT/ETH" : { },
    "MOT/BTC" : { },
    "ETC/ETH" : { },
    "SHOW/ETH" : { },
    "EOS/USDT" : { },
    "AMM/BTC" : { },
    "CMT/ETH" : { },
    "C20/BTC" : { },
    "ELF/BTC" : { },
    "PRA/BTC" : { },
    "ETH/DAI" : { },
    "BTO/BTC" : { },
    "RDN/ETH" : { },
    "TNC/ETH" : { },
    "LTC/ETH" : { },
    "LEND/ETH" : { },
    "BTM/ETH" : { },
    "CZR/ETH" : { }
  },
  "share_rate_limits" : false
}