{
  "currency_pairs": {
    "BTC/BTCCHINA_CNY": {
      "price_scale": 2
    },
    "BTC/BITSTAMP_USD": {
      "price_scale": 2
    },
    "BTC/BITFINEX_USD": {
      "price_scale": 2
    },
    "BTC/BTCE_USD": {
      "price_scale": 2
    },
    "BTC/KRAKEN_EUR": {
      "price_scale": 2
    }
  },
  "currencies": {},
  "private_rate_limits": [
    {
      "calls": 1,
      "time_span": 10,
      "time_unit": "seconds"
    },
    {
      "calls": 1,
      "time_unit": "days"
    }
  ],
  "share_rate_limits": true
}
