{
  "currency_pairs": {
    "BTC/NPR": null,
    "BTC/JPY": null,
    "BTC/MKD": null,
    "BTC/PKR": null,
    "BTC/LVL": null,
    "BTC/GMD": null,
    "BTC/KWD": null,
    "BTC/YER": null,
    "BTC/SDG": null,
    "BTC/MXN": null,
    "BTC/AUD": null,
    "BTC/TRY": null,
    "BTC/NZD": null,
    "BTC/SHP": null,
    "BTC/VUV": null,
    "BTC/DKK": null,
    "BTC/MRO": null,
    "BTC/LTL": null,
    "BTC/JEP": null,
    "BTC/GNF": null,
    "BTC/PYG": null,
    "BTC/CUC": null,
    "BTC/GEL": null,
    "BTC/MOP": null,
    "BTC/BTC": null,
    "BTC/KYD": null,
    "BTC/AOA": null,
    "BTC/BYN": null,
    "BTC/OMR": null,
    "BTC/SVC": null,
    "BTC/UGX": null,
    "BTC/KHR": null,
    "BTC/CHF": null,
    "BTC/FJD": null,
    "BTC/IQD": null,
    "BTC/IMP": null,
    "BTC/UAH": null,
    "BTC/BRL": null,
    "BTC/ZMK": null,
    "BTC/BYR": null,
    "BTC/NOK": null,
    "BTC/AMD": null,
    "BTC/HKD": null,
    "BTC/BOB": null,
    "BTC/XCD": null,
    "BTC/WST": null,
    "BTC/CVE": null,
    "BTC/RWF": null,
    "BTC/PHP": null,
    "BTC/ZWL": null,
    "BTC/GTQ": null,
    "BTC/SOS": null,
    "BTC/BBD": null,
    "BTC/XDR": null,
    "BTC/HUF": null,
    "BTC/TOP": null,
    "BTC/VEF": null,
    "BTC/SAR": null,
    "BTC/KGS": null,
    "BTC/MMK": null,
    "BTC/PEN": null,
    "BTC/NIO": null,
    "BTC/ZAR": null,
    "BTC/MTL": null,
    "BTC/ILS": null,
    "BTC/MWK": null,
    "BTC/AZN": null,
    "BTC/RON": null,
    "BTC/BIF": null,
    "BTC/FKP": null,
    "BTC/MDL": null,
    "BTC/JOD": null,
    "BTC/GBP": null,
    "BTC/ARS": null,
    "BTC/IDR": null,
    "BTC/XAG": null,
    "BTC/LKR": null,
    "BTC/LAK": null,
    "BTC/BZD": null,
    "BTC/USD": null,
    "BTC/XPD": null,
    "BTC/MYR": null,
    "BTC/KZT": null,
    "BTC/GGP": null,
    "BTC/HNL": null,
    "BTC/BMD": null,
    "BTC/AFN": null,
    "BTC/XPF": null,
    "BTC/DZD": null,
    "BTC/STD": null,
    "BTC/ANG": null,
    "BTC/ETB": null,
    "BTC/LRD": null,
    "BTC/MVR": null,
    "BTC/EGP": null,
    "BTC/XAF": null,
    "BTC/CAD": null,
    "BTC/HRK": null,
    "BTC/TND": null,
    "BTC/GHS": null,
    "BTC/MUR": null,
    "BTC/HTG": null,
    "BTC/ERN": null,
    "BTC/BSD": null,
    "BTC/LBP": null,
    "BTC/TZS": null,
    "BTC/BHD": null,
    "BTC/DJF": null,
    "BTC/CNY": null,
    "BTC/ALL": null,
    "BTC/BND": null,
    "BTC/AED": null,
    "BTC/CZK": null,
    "BTC/MNT": null,
    "BTC/UZS": null,
    "BTC/BDT": null,
    "BTC/ZMW": null,
    "BTC/SBD": null,
    "BTC/TWD": null,
    "BTC/RSD": null,
    "BTC/KPW": null,
    "BTC/GYD": null,
    "BTC/THB": null,
    "BTC/KES": null,
    "BTC/SLL": null,
    "BTC/NGN": null,
    "BTC/EEK": null,
    "BTC/TMT": null,
    "BTC/LYD": null,
    "BTC/TTD": null,
    "BTC/QAR": null,
    "BTC/UYU": null,
    "BTC/XPT": null,
    "BTC/JMD": null,
    "BTC/BGN": null,
    "BTC/AWG": null,
    "BTC/VND": null,
    "BTC/EUR": null,
    "BTC/SEK": null,
    "BTC/BTN": null,
    "BTC/MAD": null,
    "BTC/CRC": null,
    "BTC/CLF": null,
    "BTC/MZN": null,
    "BTC/SCR": null,
    "BTC/SYP": null,
    "BTC/CLP": null,
    "BTC/DOP": null,
    "BTC/XOF": null,
    "BTC/INR": null,
    "BTC/BAM": null,
    "BTC/PGK": null,
    "BTC/PAB": null,
    "BTC/SGD": null,
    "BTC/GIP": null,
    "BTC/NAD": null,
    "BTC/CDF": null,
    "BTC/COP": null,
    "BTC/PLN": null,
    "BTC/SRD": null,
    "BTC/KRW": null,
    "BTC/MGA": null,
    "BTC/IRR": null,
    "BTC/BWP": null,
    "BTC/KMF": null,
    "BTC/RUB": null,
    "BTC/SZL": null,
    "BTC/CUP": null,
    "BTC/TJS": null,
    "BTC/XAU": null,
    "BTC/LSL": null,
    "BTC/ISK": null
  },
  "currencies": {},
  "share_rate_limits": false
}