{
  "currency_pairs": {

    "BTC/EUR": {"min_amount": 0.00000001, "price_scale": 2},
    "BTC/GBP": {"min_amount": 0.00000001, "price_scale": 2},
    "BTC/PLN": {"min_amount": 0.00000001, "price_scale": 2},
    "BTC/USD": {"min_amount": 0.00000001, "price_scale": 2},
    "BTC/USDC": {"min_amount": 0.00000001, "price_scale": 2},
    "BTC/USDT": {"min_amount": 0.00000001, "price_scale": 2},

    "ETH/EUR": {"min_amount": 0.00000001, "price_scale": 2},
    "ETH/GBP": {"min_amount": 0.00000001, "price_scale": 2},
    "ETH/PLN": {"min_amount": 0.00000001, "price_scale": 2},
    "ETH/USD": {"min_amount": 0.00000001, "price_scale": 2},
    "ETH/USDC": {"min_amount": 0.00000001, "price_scale": 2},
    "ETH/USDT": {"min_amount": 0.00000001, "price_scale": 2},
    "ETH/BTC": {"min_amount": 0.00000001, "price_scale": 8},

    "LSK/EUR": {"min_amount": 0.00000001, "price_scale": 2},
    "LSK/PLN": {"min_amount": 0.00000001, "price_scale": 2},
    "LSK/USD": {"min_amount": 0.00000001, "price_scale": 2},
    "LSK/BTC": {"min_amount": 0.00000001, "price_scale": 8},

    "GAME/EUR": {"min_amount": 0.00000001, "price_scale": 2},
    "GAME/PLN": {"min_amount": 0.00000001, "price_scale": 2},
    "GAME/USD": {"min_amount": 0.00000001, "price_scale": 2},
    "GAME/BTC": {"min_amount": 0.00000001, "price_scale": 8},

    "BCC/EUR": {"min_amount": 0.00000001, "price_scale": 2},
    "BCC/GBP": {"min_amount": 0.00000001, "price_scale": 2},
    "BCC/PLN": {"min_amount": 0.00000001, "price_scale": 2},
    "BCC/USD": {"min_amount": 0.00000001, "price_scale": 2},
    "BCC/USDC": {"min_amount": 0.00000001, "price_scale": 2},
    "BCC/BTC": {"min_amount": 0.00000001, "price_scale": 8},

    "BTG/EUR": {"min_amount": 0.00000001, "price_scale": 2},
    "BTG/PLN": {"min_amount": 0.00000001, "price_scale": 2},
    "BTG/USD": {"min_amount": 0.00000001, "price_scale": 2},
    "BTG/BTC": {"min_amount": 0.00000001, "price_scale": 8},

    "LTC/EUR": {"min_amount": 0.00000001, "price_scale": 2},
    "LTC/GBP": {"min_amount": 0.00000001, "price_scale": 2},
    "LTC/PLN": {"min_amount": 0.00000001, "price_scale": 2},
    "LTC/USD": {"min_amount": 0.00000001, "price_scale": 2},
    "LTC/BTC": {"min_amount": 0.00000001, "price_scale": 8},
    "LTC/USDT": {"min_amount": 0.00000001, "price_scale": 2},

    "DASH/EUR": {"min_amount": 0.00000001, "price_scale": 2},
    "DASH/PLN": {"min_amount": 0.00000001, "price_scale": 2},
    "DASH/USD": {"min_amount": 0.00000001, "price_scale": 2},
    "DASH/BTC": {"min_amount": 0.00000001, "price_scale": 8},

    "XRP/EUR": {"min_amount": 0.00000001, "price_scale": 2},
    "XRP/GBP": {"min_amount": 0.00000001, "price_scale": 2},
    "XRP/PLN": {"min_amount": 0.00000001, "price_scale": 2},
    "XRP/USD": {"min_amount": 0.00000001, "price_scale": 2},
    "XRP/BTC": {"min_amount": 0.00000001, "price_scale": 8},

    "KZC/BTC": {"min_amount": 0.00000001, "price_scale": 8},
    "XIN/BTC": {"min_amount": 0.00000001, "price_scale": 8},

    "LINK/PLN": {"min_amount": 0.00000001, "price_scale": 2},
    "LINK/BTC": {"min_amount": 0.00000001, "price_scale": 2},
    "LINK/USDT": {"min_amount": 0.00000001, "price_scale": 2}
  },
  "currencies": {
    "BTC": {
      "scale": 8
    },
    "ETH": {
      "scale": 8
    },
    "LSK": {
      "scale": 8
    },
    "GAME": {
      "scale": 8
    },
    "BCC": {
      "scale": 8
    },
    "BTG": {
      "scale": 8
    },
    "LTC": {
      "scale": 8
    },
    "LINK": {
      "scale": 8
    },
    "DASH": {
      "scale": 8
    },
    "XRP": {
      "scale": 8
    },
    "KZC": {
      "scale": 8
    },
    "USDC": {
      "scale": 8
    },
    "USDT": {
      "scale": 8
    },
    "XIN": {
      "scale": 8
    },
    "EUR": {
      "scale": 2
    },
    "GBP": {
      "scale": 2
    },
    "PLN": {
      "scale": 2
    },
    "USD": {
      "scale": 2
    }
  }
}
